{
    "alpha_1":-2.1594210805,
    "alpha_2":-1.4631533104,
    "BHmax":54.3753555067,
    "NSmin":1.1560861459,
    "NSmax":2.7233934958,
    "BHmin":6.1253210408,
    "A":0.9667100431,
    "n3":4.9081460234,
    "beta_q":1.8928892135,
    "mu_chi":0.5218350159,
    "sigma_chi":0.0922080057,
    "sigma_spin":3.3780056795,
    "mbreak":5.0,
    "n0":50.0,
    "n1":50.0,
    "n2":50.0,
    "amax":1.0,
    "alpha_chi":1.0,
    "beta_chi":1.0,
    "xi_spin":0.0,
    "lamb":0.0,
    "log_likelihood":113.9851566072,
    "log_prior":-14.3301999398,
    "normalization":0.0026583717,
    "selection":0.0003167776,
    "pdet_n_effective":36834.9020027791,
    "surveyed_hypervolume":668.1913910978,
    "rate":316.0065058371,
    "log_10_rate":2.4996960238,
    "min_event_n_effective":587.7935744601
}
